{"cache":{"tags/functions":{"minecraft:load":{"def":[],"ref":[]},"minecraft:tick":{"def":[],"ref":[]}},"functions":{"hastepotion:init":{"def":[],"ref":[]},"hastepotion:loop":{"def":[],"ref":[]},"hastepotion:haste":{"def":[],"ref":[{"start":56,"end":73,"rel":"data/hastepotion/functions/loop.mcfunction","line":0}]},"hastepotion:crafted_item1":{"def":[],"ref":[]}},"advancements":{"hastepotion:item1_adv":{"def":[],"ref":[{"start":27,"end":48,"rel":"data/hastepotion/functions/crafted_item1.mcfunction","line":2}]}},"recipes":{"hastepotion:item1":{"def":[],"ref":[{"start":15,"end":32,"rel":"data/hastepotion/functions/crafted_item1.mcfunction","line":0}]}}},"files":{"data":{"minecraft":{"tags":{"functions":{"load.json":1581038450440.399,"tick.json":1581038458349.9355}}},"hastepotion":{"functions":{"loop.mcfunction":1581038551538.4956,"haste.mcfunction":1581042007718.4143,"crafted_item1.mcfunction":1581041727988.6118,"init.mcfunction":1581042102235.3477},"advancements":{"item1_adv.json":1581040789072.0955},"recipes":{"item1.json":1581041469724.1577}}}},"version":4}